id,name,code,phone,address,town,is_active,district,state,geo_group,area,branch,current_balance
CUST-KB-0001,"68 MINI MARKET",KB0001,601140155527,"KG SIMPANG ENTILIBON TONGOD, TONGOD, 89320",TONGOD,true,TONGOD,Sabah,East Coast Sabah,TONGOD,Kinabatangan,0
CUST-KB-0002,"77 FRESH MART",KB0002,60192827737,"LOT 10 B, KEDAI PERKASA BARU, WDT 388, KOTA KINABATANGAN, 90200","KOTA KINABATANGAN",true,"KOTA KINABATANGAN",Sabah,East Coast Sabah,"KOTA KINABATANGAN",Kinabatangan,0
CUST-KB-0003,"86 MINI MARKET",KB0003,601140155527,"KG SIMPANG ENTILIBON, TONGOD, 89320",TONGOD,true,TONGOD,Sabah,East Coast Sabah,TONGOD,Kinabatangan,0
CUST-KB-0004,"AA RESTORAN",KB0004,,"JALAN PEKAN BELURAN, BELURAN",BELURAN,true,BELURAN,Sabah,East Coast Sabah,BELURAN,Kinabatangan,0
CUST-KB-0005,"AGRO BAZAR",KB0005,,"TIADA ALAMAT",KINABATANGAN,true,KINABATANGAN,Sabah,East Coast Sabah,KINABATANGAN,Kinabatangan,0
CUST-KB-0006,"AHLAM TRADING",KB0006,60148572566,"PPM 482 ELOPURA, SANDAKAN, 90000",SANDAKAN,true,SANDAKAN,Sabah,East Coast Sabah,SANDAKAN,Kinabatangan,0
CUST-KB-0007,"AHMAD MINI MART",KB0007,60167064518,"KG CENDERAMATA JALAN SAPI NANGOH",BELURAN,true,BELURAN,Sabah,East Coast Sabah,BELURAN,Kinabatangan,0
CUST-KB-0008,"AJWA SUPERSTORE",KB0008,60162613110,"KAMPUNG SILABUKAN FASA 1, LAHAD DATU","LAHAD DATU",true,"LAHAD DATU",Sabah,East Coast Sabah,"LAHAD DATU",Kinabatangan,0
CUST-KB-0009,"AKHBAR TRADING",KB0009,6011533944449,"KG GOMANTONG JAYA, BATU 4 JALAN SUKAU, KOTA KINABATANGAN, 90200","KOTA KINABATANGAN",true,"KOTA KINABATANGAN",Sabah,East Coast Sabah,"KOTA KINABATANGAN",Kinabatangan,0
CUST-KB-0010,"ANGAN BTE SAID",KB0010,,"KG SRI DARUN TUNGKU, LAHAD DATU","LAHAD DATU",true,"LAHAD DATU",Sabah,East Coast Sabah,"LAHAD DATU",Kinabatangan,0
CUST-KB-0011,"BACHA ENT",KB0011,60105563393,"SIMPANG BATU 8, BUKIT GARAM, KOTA KINABATANGAN, 90200","KOTA KINABATANGAN",true,"KOTA KINABATANGAN",Sabah,East Coast Sabah,"KOTA KINABATANGAN",Kinabatangan,0
CUST-KB-0012,"BERJAYA D'ZIQ MART",KB0012,60193764556,"LOT 6 BANGUNAN SEDCO PARIS 3, KOTA KINABATANGAN",KOTA KINABATANGAN,true,KOTA KINABATANGAN,Sabah,East Coast Sabah,KOTA KINABATANGAN,Kinabatangan,0
CUST-KB-0013,"COTO MAKASSAR SANDAKAN",KB0013,601126249382,"LOT GA-43 BLOK A, SEJATI WALK, SANDAKAN, 90000",SANDAKAN,true,SANDAKAN,Sabah,East Coast Sabah,SANDAKAN,Kinabatangan,0
CUST-KB-0014,"HABIBAH MART",KB0014,,"KG PERPADUAN SKIM BAGAHAK, LAHAD DATU, 91100","LAHAD DATU",true,"LAHAD DATU",Sabah,East Coast Sabah,"LAHAD DATU",Kinabatangan,0
CUST-KB-0015,"KEDAI MAWAR SDN BHD",KB0015,60138099300,"MDLD 6627, LOT 44, BATU 1 1/2, JALAN SEGAMA, LAHAD DATU, 91100","LAHAD DATU",true,"LAHAD DATU",Sabah,East Coast Sabah,"LAHAD DATU",Kinabatangan,0
CUST-KB-0016,"KEDAI NUR",KB0016,60148514588,"KG GOMANTONG JAYA, KOTA KINABATANGAN",KOTA KINABATANGAN,true,KOTA KINABATANGAN,Sabah,East Coast Sabah,KOTA KINABATANGAN,Kinabatangan,0
CUST-KB-0017,"NADINA STORE",KB0017,60128442544,"PEKAN TONGOD, TONGOD",TONGOD,true,TONGOD,Sabah,East Coast Sabah,TONGOD,Kinabatangan,0
CUST-KB-0018,"SARI JAYA COLD STORAGE",KB0018,60138923300,"MDLD 3288, LOT 3, BATU 1, JALAN SEGAMA, LAHAD DATU",LAHAD DATU,true,LAHAD DATU,Sabah,East Coast Sabah,LAHAD DATU,Kinabatangan,0
CUST-KB-0019,"SYARIKAT PERNIAGAAN GOMANTONG JAYA",KB0019,,"BATU 4, JALAN SUKAU, KOTA KINABATANGAN, 90200","KOTA KINABATANGAN",true,"KOTA KINABATANGAN",Sabah,East Coast Sabah,"KOTA KINABATANGAN",Kinabatangan,0
CUST-KB-0020,"MARWAN TRADING",KB0020,60132487875,"KG RANCANGAN NANGOH, BELURAN, 90107",BELURAN,true,BELURAN,Sabah,East Coast Sabah,BELURAN,Kinabatangan,0
CUST-KB-0021,"MEGA RIDWAN COLD STORAGE SDN BHD",KB0021,,"LOT 22, PASAR RAKYAT, LAHAD DATU","LAHAD DATU",true,"LAHAD DATU",Sabah,East Coast Sabah,"LAHAD DATU",Kinabatangan,0
CUST-KB-0022,"MINI MARKET MUNIR BACHA",KB0022,60138862544,"LOT C 7, BANGUNAN SEDCO, KOTA KINABATANGAN, 90200","KOTA KINABATANGAN",true,"KOTA KINABATANGAN",Sabah,East Coast Sabah,"KOTA KINABATANGAN",Kinabatangan,0
CUST-KB-0023,"MOKTAR TRADING",KB0023,601125211557,"PASAR UMUM, WDT 72, KUNAK, 91209",KUNAK,true,KUNAK,Sabah,East Coast Sabah,KUNAK,Kinabatangan,0
CUST-KB-0024,"MUHAMMAD ENTERPRISE",KB0024,60145558990,"JALAN KOTA KINABALU - SANDAKAN BATU 78 TELUPID",TELUPID,true,TELUPID,Sabah,East Coast Sabah,TELUPID,Kinabatangan,0
CUST-KB-0025,"MUNIR BACHA ENTERPRISE SDN BHD",KB0025,60178323382,"KAMPUNG BUKIT GARAM WDT 180, JAYA BARU, KINABATANGAN, 90200",KINABATANGAN,true,KINABATANGAN,Sabah,East Coast Sabah,KINABATANGAN,Kinabatangan,0
CUST-KB-0026,"MUQARAB TRADING",KB0026,60142833866,"KG GAMBARON, TELUPID, 89320",TELUPID,true,TELUPID,Sabah,East Coast Sabah,TELUPID,Kinabatangan,0
CUST-KB-0027,"MUSTAK TRADING",KB0027,,"LOT 18 BDC GODOWIN AREA, JALAN KASTAM BARU, LAHAD DATU","LAHAD DATU",true,"LAHAD DATU",Sabah,East Coast Sabah,"LAHAD DATU",Kinabatangan,0
CUST-KB-0028,"MYSHOP KUNAK",KB0028,,"LOT 37, GROUND FLOOR, KUNAK TOWN, BANDAR SAPANG KUNAK",KUNAK,true,KUNAK,Sabah,East Coast Sabah,KUNAK,Kinabatangan,0
CUST-KB-0029,"NADIA ENTERPRISE",KB0029,60195949946,"LOT II (A) 89300 TELUPID TONGOD",TONGOD,true,TONGOD,Sabah,East Coast Sabah,TONGOD,Kinabatangan,0
CUST-KB-0030,"NADIRA ENTERPRISE",KB0030,6019594994,"SEDCO PEKAN TONGOD, LOT 2, TONGOD",TONGOD,true,TONGOD,Sabah,East Coast Sabah,TONGOD,Kinabatangan,0
CUST-KB-0031,"SYARIKAT USAHA MAJU JAYA",KB0031,60149891897,"KAMPUNG SUKAU, WDT 198 SUKAU, KOTA KINABATANGAN, 90200","KOTA KINABATANGAN",true,"KOTA KINABATANGAN",Sabah,East Coast Sabah,"KOTA KINABATANGAN",Kinabatangan,0
CUST-KB-0032,"TAJUDDIN ENTERPRISE",KB0032,60145379635,"KG LINAYUKAN, DAERAH TONGOD, SANDAKAN, 90200",SANDAKAN,true,SANDAKAN,Sabah,East Coast Sabah,SANDAKAN,Kinabatangan,0
CUST-KB-0033,"TAMAN RIMBA",KB0033,,"SANDAKAN, 90000",SANDAKAN,true,SANDAKAN,Sabah,East Coast Sabah,SANDAKAN,Kinabatangan,0
CUST-KB-0034,"THARWA MARKET",KB0034,,"LAHAD DATU, 91100","LAHAD DATU",true,"LAHAD DATU",Sabah,East Coast Sabah,"LAHAD DATU",Kinabatangan,0
CUST-KB-0035,"TOKO LUANG MANIS",KB0035,60109312287,"LADANG LUANG MANIS ESTATE, BELURAN, 90107",BELURAN,true,BELURAN,Sabah,East Coast Sabah,BELURAN,Kinabatangan,0
CUST-KB-0036,"TOKO SG SAPI",KB0036,60109312287,"LADANG SG SAPI ESTATE, BELURAN, 90107",BELURAN,true,BELURAN,Sabah,East Coast Sabah,BELURAN,Kinabatangan,0
CUST-KB-0037,"TWO STAR ENTERPRISE",KB0037,,"KG RANCANGAN NANGOH, BELURAN",BELURAN,true,BELURAN,Sabah,East Coast Sabah,BELURAN,Kinabatangan,0
CUST-KB-0038,"WARUNG ATUR JADI",KB0038,60109377645,"BATU 26, SANDAKAN, 90000",SANDAKAN,true,SANDAKAN,Sabah,East Coast Sabah,SANDAKAN,Kinabatangan,0
CUST-KB-0039,"WARUNG MAKASSAR",KB0039,,SANDAKAN,SANDAKAN,true,SANDAKAN,Sabah,East Coast Sabah,SANDAKAN,Kinabatangan,0
CUST-KB-0040,"WARUNG POLEWALI",KB0040,,"BATU 32, CHECK POINT SANDAKAN",SANDAKAN,true,SANDAKAN,Sabah,East Coast Sabah,SANDAKAN,Kinabatangan,0
CUST-KB-0041,"WARUNG SRI MURNI",KB0041,,"PEKAN TELUPID, BELURAN",BELURAN,true,BELURAN,Sabah,East Coast Sabah,BELURAN,Kinabatangan,0
CUST-KB-0042,"WIDADI TRADING",KB0042,60102158909,"KG TINAGIAN, TUNGKU, LAHAD DATU, 91150","LAHAD DATU",true,"LAHAD DATU",Sabah,East Coast Sabah,"LAHAD DATU",Kinabatangan,0
CUST-KB-0043,"ZONIA TRADING",KB0043,60146398445,"KG BERJAYA 1, BATU 4, KOTA KINABATANGAN, 90200","KOTA KINABATANGAN",true,"KOTA KINABATANGAN",Sabah,East Coast Sabah,"KOTA KINABATANGAN",Kinabatangan,0
CUST-KB-0044,"ZUHNUN 77 MINI MART",KB0044,,"TL. 117502753, MDLD 0176, JALAN KEMBOJA, LAHAD DATU, 91107","LAHAD DATU",true,"LAHAD DATU",Sabah,East Coast Sabah,"LAHAD DATU",Kinabatangan,0
CUST-KB-0045,"ZYLACMAR TRADING",KB0045,60172210122,"KAMPUNG JAWA, JALAN KG BETIK, LAHAD DATU, 91100","LAHAD DATU",true,"LAHAD DATU",Sabah,East Coast Sabah,"LAHAD DATU",Kinabatangan,0
CUST-KB-0046,"AL-AMIN STORE",KB0046,60135543321,"KG BUKIT GARAM, KINABATANGAN",KINABATANGAN,true,KINABATANGAN,Sabah,East Coast Sabah,KINABATANGAN,Kinabatangan,0
CUST-KB-0047,"AMIRAH MINI MARKET",KB0047,60198872231,"LOT 5, PEKAN BELURAN",BELURAN,true,BELURAN,Sabah,East Coast Sabah,BELURAN,Kinabatangan,0
CUST-KB-0048,"A-Z TRADING",KB0048,60145567789,"BATU 12, JALAN LABUK, SANDAKAN",SANDAKAN,true,SANDAKAN,Sabah,East Coast Sabah,SANDAKAN,Kinabatangan,0
CUST-KB-0049,"BINTANG JAYA",KB0049,60112345567,"KG PARIS 1, KINABATANGAN",KINABATANGAN,true,KINABATANGAN,Sabah,East Coast Sabah,KINABATANGAN,Kinabatangan,0
CUST-KB-0050,"CINTA SAYANG MART",KB0050,60128891122,"PEKAN KUNAK, KUNAK",KUNAK,true,KUNAK,Sabah,East Coast Sabah,KUNAK,Kinabatangan,0
CUST-KB-0051,"D'KOTA STATION",KB0051,60167789900,"PEKAN KOTA KINABATANGAN","KOTA KINABATANGAN",true,"KOTA KINABATANGAN",Sabah,East Coast Sabah,"KOTA KINABATANGAN",Kinabatangan,0
CUST-KB-0052,"EKA JAYA",KB0052,60134456677,"BATU 3, JALAN SEGAMA, LAHAD DATU","LAHAD DATU",true,"LAHAD DATU",Sabah,East Coast Sabah,"LAHAD DATU",Kinabatangan,0
CUST-KB-0053,"FAZILAH ENTERPRISE",KB0053,60190012233,"KG NANGOH, BELURAN",BELURAN,true,BELURAN,Sabah,East Coast Sabah,BELURAN,Kinabatangan,0
CUST-KB-0054,"G-MART SUPERMARKET",KB0054,60111223344,"BANDAR LAHAD DATU","LAHAD DATU",true,"LAHAD DATU",Sabah,East Coast Sabah,"LAHAD DATU",Kinabatangan,0
CUST-KB-0055,"HIDAYAH TRADING",KB0055,60145561122,"KG SIMPANG TONGOD, TONGOD",TONGOD,true,TONGOD,Sabah,East Coast Sabah,TONGOD,Kinabatangan,0
CUST-KB-0056,"IKHWAN MART",KB0056,60105544332,"KG GOMANTONG, KINABATANGAN",KINABATANGAN,true,KINABATANGAN,Sabah,East Coast Sabah,KINABATANGAN,Kinabatangan,0
CUST-KB-0057,"JAYA BARU MINI MARKET",KB0057,60128877665,"PEKAN JAYA BARU, KINABATANGAN",KINABATANGAN,true,KINABATANGAN,Sabah,East Coast Sabah,KINABATANGAN,Kinabatangan,0
CUST-KB-0058,"KEDAI RUNCIT KAMPUNG",KB0058,,"KG SRI DARUN, LAHAD DATU","LAHAD DATU",true,"LAHAD DATU",Sabah,East Coast Sabah,"LAHAD DATU",Kinabatangan,0
CUST-KB-0059,"LUCKY TRADING",KB0059,60143322110,"BATU 8, SANDAKAN",SANDAKAN,true,SANDAKAN,Sabah,East Coast Sabah,SANDAKAN,Kinabatangan,0
CUST-KB-0060,"MURNI MART",KB0060,60192233445,"PEKAN TONGOD, TONGOD",TONGOD,true,TONGOD,Sabah,East Coast Sabah,TONGOD,Kinabatangan,0
CUST-KB-0061,"NAJIB STORE",KB0061,60145566778,"KG PARIS 3, KINABATANGAN",KINABATANGAN,true,KINABATANGAN,Sabah,East Coast Sabah,KINABATANGAN,Kinabatangan,0
CUST-KB-0062,"OMAR TRADING",KB0062,60134455667,"BATU 1, JALAN SEGAMA, LAHAD DATU",LAHAD DATU,true,LAHAD DATU,Sabah,East Coast Sabah,LAHAD DATU,Kinabatangan,0
CUST-KB-0063,"PUTRA MINI MARKET",KB0063,60167788990,"PEKAN BELURAN, BELURAN",BELURAN,true,BELURAN,Sabah,East Coast Sabah,BELURAN,Kinabatangan,0
CUST-KB-0064,"QURRATU AINI STORE",KB0064,60112233445,"KG BUKIT GARAM, KINABATANGAN",KINABATANGAN,true,KINABATANGAN,Sabah,East Coast Sabah,KINABATANGAN,Kinabatangan,0
CUST-KB-0065,"REZEKI MART",KB0065,60128899001,"PEKAN KUNAK, KUNAK",KUNAK,true,KUNAK,Sabah,East Coast Sabah,KUNAK,Kinabatangan,0
CUST-KB-0066,"SAYANG TRADING",KB0066,60145566112,"BATU 32, SANDAKAN",SANDAKAN,true,SANDAKAN,Sabah,East Coast Sabah,SANDAKAN,Kinabatangan,0
CUST-KB-0067,"TENANG MART",KB0067,60138844332,"KG SIMPANG ENTILIBON, TONGOD",TONGOD,true,TONGOD,Sabah,East Coast Sabah,TONGOD,Kinabatangan,0
CUST-KB-0068,"UTAMA STORE",KB0068,60124455667,"PEKAN KOTA KINABATANGAN","KOTA KINABATANGAN",true,"KOTA KINABATANGAN",Sabah,East Coast Sabah,"KOTA KINABATANGAN",Kinabatangan,0
CUST-KB-0069,"V-MART",KB0069,60167733445,"BANDAR LAHAD DATU","LAHAD DATU",true,"LAHAD DATU",Sabah,East Coast Sabah,"LAHAD DATU",Kinabatangan,0
CUST-KB-0070,"WIRA TRADING",KB0070,60145567711,"KG NANGOH, BELURAN",BELURAN,true,BELURAN,Sabah,East Coast Sabah,BELURAN,Kinabatangan,0
CUST-KB-0071,"X-PRESS MART",KB0071,60128899112,"BATU 4, JALAN SUKAU",KINABATANGAN,true,KINABATANGAN,Sabah,East Coast Sabah,KINABATANGAN,Kinabatangan,0
CUST-KB-0072,"YAKIN MART",KB0072,60135544667,"KG PARIS 2, KINABATANGAN",KINABATANGAN,true,KINABATANGAN,Sabah,East Coast Sabah,KINABATANGAN,Kinabatangan,0
CUST-KB-0073,"ZAIDAH STORE",KB0073,60167733112,"PEKAN KUNAK, KUNAK",KUNAK,true,KUNAK,Sabah,East Coast Sabah,KUNAK,Kinabatangan,0
CUST-KB-0074,"AMANAH MART",KB0074,60142233445,"KG BUKIT GARAM, KINABATANGAN",KINABATANGAN,true,KINABATANGAN,Sabah,East Coast Sabah,KINABATANGAN,Kinabatangan,0
CUST-KB-0075,"BAHAGIA STORE",KB0075,60128877112,"BATU 7, JALAN AIRPORT, SANDAKAN",SANDAKAN,true,SANDAKAN,Sabah,East Coast Sabah,SANDAKAN,Kinabatangan,0
CUST-KB-0076,"CERIA MINI MARKET",KB0076,60135566778,"PEKAN TONGOD, TONGOD",TONGOD,true,TONGOD,Sabah,East Coast Sabah,TONGOD,Kinabatangan,0
CUST-KB-0077,"DAMAI STORE",KB0077,60167722112,"KG PERPADUAN, LAHAD DATU","LAHAD DATU",true,"LAHAD DATU",Sabah,East Coast Sabah,"LAHAD DATU",Kinabatangan,0
CUST-KB-0078,"ELIT MART",KB0078,60145566889,"PEKAN BELURAN, BELURAN",BELURAN,true,BELURAN,Sabah,East Coast Sabah,BELURAN,Kinabatangan,0
CUST-KB-0079,"FAJAR TRADING",KB0079,60128844331,"BATU 12, SANDAKAN",SANDAKAN,true,SANDAKAN,Sabah,East Coast Sabah,SANDAKAN,Kinabatangan,0
CUST-KB-0080,"GEMILANG MART",KB0080,60135577661,"PEKAN KOTA KINABATANGAN","KOTA KINABATANGAN",true,"KOTA KINABATANGAN",Sabah,East Coast Sabah,"KOTA KINABATANGAN",Kinabatangan,0
CUST-KB-0081,"HARAPAN STORE",KB0081,60167744332,"KG SIMPANG TONGOD, TONGOD",TONGOD,true,TONGOD,Sabah,East Coast Sabah,TONGOD,Kinabatangan,0
CUST-KB-0082,"INDAH MART",KB0082,60145577112,"PEKAN KUNAK, KUNAK",KUNAK,true,KUNAK,Sabah,East Coast Sabah,KUNAK,Kinabatangan,0
CUST-KB-0083,"JUARA TRADING",KB0083,60128811223,"KG BUKIT GARAM, KINABATANGAN",KINABATANGAN,true,KINABATANGAN,Sabah,East Coast Sabah,KINABATANGAN,Kinabatangan,0
CUST-KB-0084,"KASIH STORE",KB0084,60135511332,"BATU 3, JALAN SEGAMA, LAHAD DATU",LAHAD DATU,true,LAHAD DATU,Sabah,East Coast Sabah,LAHAD DATU,Kinabatangan,0
CUST-KB-0085,"LESTARI MART",KB0085,60167711556,"PEKAN BELURAN, BELURAN",BELURAN,true,BELURAN,Sabah,East Coast Sabah,BELURAN,Kinabatangan,0
CUST-KB-0086,"MAKMUR TRADING",KB0086,60145511667,"BATU 26, SANDAKAN",SANDAKAN,true,SANDAKAN,Sabah,East Coast Sabah,SANDAKAN,Kinabatangan,0
CUST-KB-0087,"NUSA STORE",KB0087,60128822334,"KG PARIS 1, KINABATANGAN",KINABATANGAN,true,KINABATANGAN,Sabah,East Coast Sabah,KINABATANGAN,Kinabatangan,0
CUST-KB-0088,"OPTIMIS MART",KB0088,60135522445,"PEKAN TONGOD, TONGOD",TONGOD,true,TONGOD,Sabah,East Coast Sabah,TONGOD,Kinabatangan,0
CUST-KB-0089,"PERDANA STORE",KB0089,60167722667,"BANDAR LAHAD DATU","LAHAD DATU",true,"LAHAD DATU",Sabah,East Coast Sabah,"LAHAD DATU",Kinabatangan,0
CUST-KB-0090,"QADRI MART",KB0090,60145522778,"KG GOMANTONG, KINABATANGAN",KINABATANGAN,true,KINABATANGAN,Sabah,East Coast Sabah,KINABATANGAN,Kinabatangan,0
CUST-KB-0091,"RAUDHAH STORE",KB0091,60128833445,"PEKAN KUNAK, KUNAK",KUNAK,true,KUNAK,Sabah,East Coast Sabah,KUNAK,Kinabatangan,0
CUST-KB-0092,"SENTOSA MART",KB0092,60135533556,"BATU 8, SANDAKAN",SANDAKAN,true,SANDAKAN,Sabah,East Coast Sabah,SANDAKAN,Kinabatangan,0
CUST-KB-0093,"TEGUH TRADING",KB0093,60167733667,"KG SIMPANG ENTILIBON, TONGOD",TONGOD,true,TONGOD,Sabah,East Coast Sabah,TONGOD,Kinabatangan,0
CUST-KB-0094,"UNGGUL STORE",KB0094,60145533889,"PEKAN KOTA KINABATANGAN","KOTA KINABATANGAN",true,"KOTA KINABATANGAN",Sabah,East Coast Sabah,"KOTA KINABATANGAN",Kinabatangan,0
CUST-KB-0095,"VIVA MART",KB0095,60128844556,"PEKAN BELURAN, BELURAN",BELURAN,true,BELURAN,Sabah,East Coast Sabah,BELURAN,Kinabatangan,0
CUST-KB-0096,"WAWASAN STORE",KB0096,60135544667,"BATU 12, SANDAKAN",SANDAKAN,true,SANDAKAN,Sabah,East Coast Sabah,SANDAKAN,Kinabatangan,0
CUST-KB-0097,"XARA MART",KB0097,60167744778,"KG BUKIT GARAM, KINABATANGAN",KINABATANGAN,true,KINABATANGAN,Sabah,East Coast Sabah,KINABATANGAN,Kinabatangan,0
CUST-KB-0098,"YUMMY STORE",KB0098,60145544990,"PEKAN KUNAK, KUNAK",KUNAK,true,KUNAK,Sabah,East Coast Sabah,KUNAK,Kinabatangan,0
CUST-KB-0099,"ZEN MART",KB0099,60128855667,"BATU 32, SANDAKAN",SANDAKAN,true,SANDAKAN,Sabah,East Coast Sabah,SANDAKAN,Kinabatangan,0
CUST-KB-0100,"ABADI STORE",KB0100,60135555778,"KG PARIS 3, KINABATANGAN",KINABATANGAN,true,KINABATANGAN,Sabah,East Coast Sabah,KINABATANGAN,Kinabatangan,0
CUST-KB-0101,"ADAM MINI MARKET",KB0101,601122334455,"KG SIMPANG SAPI NANGOH, BELURAN",BELURAN,true,BELURAN,Sabah,East Coast Sabah,BELURAN,Kinabatangan,0
CUST-KB-0102,"BAHTERA MART",KB0102,601344556677,"PEKAN KOTA KINABATANGAN","KOTA KINABATANGAN",true,"KOTA KINABATANGAN",Sabah,East Coast Sabah,"KOTA KINABATANGAN",Kinabatangan,0
CUST-KB-0103,"CAHAYA STORE",KB0103,601455667788,"BATU 8, JALAN LABUK, SANDAKAN",SANDAKAN,true,SANDAKAN,Sabah,East Coast Sabah,SANDAKAN,Kinabatangan,0
CUST-KB-0104,"DARUSSALAM MART",KB0104,,"KG BUKIT GARAM, KINABATANGAN",KINABATANGAN,true,KINABATANGAN,Sabah,East Coast Sabah,KINABATANGAN,Kinabatangan,0
CUST-KB-0105,"EMBUN TRADING",KB0105,601988776655,"PEKAN TONGOD, TONGOD",TONGOD,true,TONGOD,Sabah,East Coast Sabah,TONGOD,Kinabatangan,0
CUST-KB-0106,"FALAH MINI MARKET",KB0106,601233445566,"KG PARIS 2, KINABATANGAN",KINABATANGAN,true,KINABATANGAN,Sabah,East Coast Sabah,KINABATANGAN,Kinabatangan,0
CUST-KB-0107,"GEMA STORE",KB0107,601477889900,"BANDAR LAHAD DATU","LAHAD DATU",true,"LAHAD DATU",Sabah,East Coast Sabah,"LAHAD DATU",Kinabatangan,0
CUST-KB-0108,"HASANAH MART",KB0108,601155664433,"PEKAN KUNAK, KUNAK",KUNAK,true,KUNAK,Sabah,East Coast Sabah,KUNAK,Kinabatangan,0
CUST-KB-0109,"IKRAM TRADING",KB0109,,"BATU 32, SANDAKAN",SANDAKAN,true,SANDAKAN,Sabah,East Coast Sabah,SANDAKAN,Kinabatangan,0
CUST-KB-0110,"JALIL STORE",KB0110,601322114455,"KG NANGOH, BELURAN",BELURAN,true,BELURAN,Sabah,East Coast Sabah,BELURAN,Kinabatangan,0
CUST-KB-0111,"KHALIFAH MART",KB0111,601455223366,"KG GOMANTONG, KINABATANGAN",KINABATANGAN,true,KINABATANGAN,Sabah,East Coast Sabah,KINABATANGAN,Kinabatangan,0
CUST-KB-0112,"LEMBAH STORE",KB0112,601288775544,"PEKAN TELUPID, BELURAN",BELURAN,true,BELURAN,Sabah,East Coast Sabah,BELURAN,Kinabatangan,0
CUST-KB-0113,"MAMU STORE",KB0113,601344667788,"PEKAN KOTA KINABATANGAN","KOTA KINABATANGAN",true,"KOTA KINABATANGAN",Sabah,East Coast Sabah,"KOTA KINABATANGAN",Kinabatangan,0
CUST-KB-0114,"NURUL MART",KB0114,601677881122,"BATU 7, SANDAKAN",SANDAKAN,true,SANDAKAN,Sabah,East Coast Sabah,SANDAKAN,Kinabatangan,0
CUST-KB-0115,"OMAR MART",KB0115,,"KG SIMPANG TONGOD, TONGOD",TONGOD,true,TONGOD,Sabah,East Coast Sabah,TONGOD,Kinabatangan,0
CUST-KB-0116,"PERMATA STORE",KB0116,601955443322,"KG BUKIT GARAM, KINABATANGAN",KINABATANGAN,true,KINABATANGAN,Sabah,East Coast Sabah,KINABATANGAN,Kinabatangan,0
CUST-KB-0117,"QASIH MART",KB0117,601466778899,"BATU 1, JALAN SEGAMA, LAHAD DATU","LAHAD DATU",true,"LAHAD DATU",Sabah,East Coast Sabah,"LAHAD DATU",Kinabatangan,0
CUST-KB-0118,"RIZAL TRADING",KB0118,601233221100,"PEKAN KUNAK, KUNAK",KUNAK,true,KUNAK,Sabah,East Coast Sabah,KUNAK,Kinabatangan,0
CUST-KB-0119,"SAHABAT STORE",KB0119,601355442211,"BATU 12, SANDAKAN",SANDAKAN,true,SANDAKAN,Sabah,East Coast Sabah,SANDAKAN,Kinabatangan,0
CUST-KB-0120,"TASLIM MART",KB0120,601677332211,"KG PARIS 1, KINABATANGAN",KINABATANGAN,true,KINABATANGAN,Sabah,East Coast Sabah,KINABATANGAN,Kinabatangan,0
CUST-KB-0121,"UDA STORE",KB0121,,"PEKAN BELURAN, BELURAN",BELURAN,true,BELURAN,Sabah,East Coast Sabah,BELURAN,Kinabatangan,0
CUST-KB-0122,"V-TEC MART",KB0122,601455887711,"BATU 8, JALAN AIRPORT, SANDAKAN",SANDAKAN,true,SANDAKAN,Sabah,East Coast Sabah,SANDAKAN,Kinabatangan,0
CUST-KB-0123,"WANI STORE",KB0123,601288445511,"KG SIMPANG ENTILIBON, TONGOD",TONGOD,true,TONGOD,Sabah,East Coast Sabah,TONGOD,Kinabatangan,0
CUST-KB-0124,"YAKUB TRADING",KB0124,601355990011,"PEKAN KOTA KINABATANGAN","KOTA KINABATANGAN",true,"KOTA KINABATANGAN",Sabah,East Coast Sabah,"KOTA KINABATANGAN",Kinabatangan,0
CUST-KB-0125,"ZUL MART",KB0125,601677112233,"BANDAR LAHAD DATU","LAHAD DATU",true,"LAHAD DATU",Sabah,East Coast Sabah,"LAHAD DATU",Kinabatangan,0
CUST-KB-0126,"AN-NUR STORE",KB0126,,"KG BUKIT GARAM, KINABATANGAN",KINABATANGAN,true,KINABATANGAN,Sabah,East Coast Sabah,KINABATANGAN,Kinabatangan,0
CUST-KB-0127,"BAKTI MART",KB0127,601455331122,"BATU 32, SANDAKAN",SANDAKAN,true,SANDAKAN,Sabah,East Coast Sabah,SANDAKAN,Kinabatangan,0
CUST-KB-0128,"CEKAL STORE",KB0128,601288224455,"PEKAN TONGOD, TONGOD",TONGOD,true,TONGOD,Sabah,East Coast Sabah,TONGOD,Kinabatangan,0
CUST-KB-0129,"DAHHLIA MART",KB0129,601355112244,"KG NANGOH, BELURAN",BELURAN,true,BELURAN,Sabah,East Coast Sabah,BELURAN,Kinabatangan,0
CUST-KB-0130,"ESOK MART",KB0130,,"PEKAN KOTA KINABATANGAN","KOTA KINABATANGAN",true,"KOTA KINABATANGAN",Sabah,East Coast Sabah,"KOTA KINABATANGAN",Kinabatangan,0
CUST-KB-0131,"FAUZI STORE",KB0131,601677445566,"BATU 7, SANDAKAN",SANDAKAN,true,SANDAKAN,Sabah,East Coast Sabah,SANDAKAN,Kinabatangan,0
CUST-KB-0132,"GADING MART",KB0132,601455661133,"KG SIMPANG ENTILIBON, TONGOD",TONGOD,true,TONGOD,Sabah,East Coast Sabah,TONGOD,Kinabatangan,0
CUST-KB-0133,"HAMIDAH STORE",KB0133,601288331122,"BATU 3, JALAN SEGAMA, LAHAD DATU","LAHAD DATU",true,"LAHAD DATU",Sabah,East Coast Sabah,"LAHAD DATU",Kinabatangan,0
CUST-KB-0134,"INTAN MART",KB0134,601355663322,"PEKAN KUNAK, KUNAK",KUNAK,true,KUNAK,Sabah,East Coast Sabah,KUNAK,Kinabatangan,0
CUST-KB-0135,"JALAN STORE",KB0135,,"BATU 12, SANDAKAN",SANDAKAN,true,SANDAKAN,Sabah,East Coast Sabah,SANDAKAN,Kinabatangan,0
CUST-KB-0136,"KARYA MART",KB0136,601677114455,"KG BUKIT GARAM, KINABATANGAN",KINABATANGAN,true,KINABATANGAN,Sabah,East Coast Sabah,KINABATANGAN,Kinabatangan,0
CUST-KB-0137,"LIDYA STORE",KB0137,601455221166,"PEKAN BELURAN, BELURAN",BELURAN,true,BELURAN,Sabah,East Coast Sabah,BELURAN,Kinabatangan,0
CUST-KB-0138,"MAJU MART",KB0138,601288442211,"PEKAN TONGOD, TONGOD",TONGOD,true,TONGOD,Sabah,East Coast Sabah,TONGOD,Kinabatangan,0
CUST-KB-0139,"NADIR STORE",KB0139,601355771122,"BANDAR LAHAD DATU","LAHAD DATU",true,"LAHAD DATU",Sabah,East Coast Sabah,"LAHAD DATU",Kinabatangan,0
CUST-KB-0140,"OASIS MART",KB0140,,"BATU 8, SANDAKAN",SANDAKAN,true,SANDAKAN,Sabah,East Coast Sabah,SANDAKAN,Kinabatangan,0
CUST-KB-0141,"PUTERI STORE",KB0141,601677331166,"KG SIMPANG SAPI NANGOH, BELURAN",BELURAN,true,BELURAN,Sabah,East Coast Sabah,BELURAN,Kinabatangan,0
CUST-KB-0142,"QAWI MART",KB0142,601455331177,"PEKAN KOTA KINABATANGAN","KOTA KINABATANGAN",true,"KOTA KINABATANGAN",Sabah,East Coast Sabah,"KOTA KINABATANGAN",Kinabatangan,0
CUST-KB-0143,"RAJA STORE",KB0143,601288113344,"BATU 1, JALAN SEGAMA, LAHAD DATU","LAHAD DATU",true,"LAHAD DATU",Sabah,East Coast Sabah,"LAHAD DATU",Kinabatangan,0
CUST-KB-0144,"SUTERA MART",KB0144,601355221133,"PEKAN KUNAK, KUNAK",KUNAK,true,KUNAK,Sabah,East Coast Sabah,KUNAK,Kinabatangan,0
CUST-KB-0145,"TULIP STORE",KB0145,,"BATU 32, SANDAKAN",SANDAKAN,true,SANDAKAN,Sabah,East Coast Sabah,SANDAKAN,Kinabatangan,0
CUST-KB-0146,"UNI MART",KB0146,601677221144,"KG PARIS 3, KINABATANGAN",KINABATANGAN,true,KINABATANGAN,Sabah,East Coast Sabah,KINABATANGAN,Kinabatangan,0
CUST-KB-0147,"VISI STORE",KB0147,601455112255,"PEKAN TONGOD, TONGOD",TONGOD,true,TONGOD,Sabah,East Coast Sabah,TONGOD,Kinabatangan,0
CUST-KB-0148,"WARISAN MART",KB0148,601288334411,"KG BUKIT GARAM, KINABATANGAN",KINABATANGAN,true,KINABATANGAN,Sabah,East Coast Sabah,KINABATANGAN,Kinabatangan,0
CUST-KB-0149,"XCEL STORE",KB0149,601355441122,"BATU 7, SANDAKAN",SANDAKAN,true,SANDAKAN,Sabah,East Coast Sabah,SANDAKAN,Kinabatangan,0
CUST-KB-0150,"YUSUF MART",KB0150,,"PEKAN BELURAN, BELURAN",BELURAN,true,BELURAN,Sabah,East Coast Sabah,BELURAN,Kinabatangan,0
CUST-KB-0151,"ZAITUN STORE",KB0151,601677443311,"BATU 12, SANDAKAN",SANDAKAN,true,SANDAKAN,Sabah,East Coast Sabah,SANDAKAN,Kinabatangan,0
CUST-KB-0152,"AL-FATEH MART",KB0152,601455663311,"KG NANGOH, BELURAN",BELURAN,true,BELURAN,Sabah,East Coast Sabah,BELURAN,Kinabatangan,0
CUST-KB-0153,"BERKAT STORE",KB0153,601288551122,"PEKAN KOTA KINABATANGAN","KOTA KINABATANGAN",true,"KOTA KINABATANGAN",Sabah,East Coast Sabah,"KOTA KINABATANGAN",Kinabatangan,0
CUST-KB-0154,"CEMPKA MART",KB0154,601355331144,"BANDAR LAHAD DATU","LAHAD DATU",true,"LAHAD DATU",Sabah,East Coast Sabah,"LAHAD DATU",Kinabatangan,0
CUST-KB-0155,"DEDIKASI STORE",KB0155,,"PEKAN KUNAK, KUNAK",KUNAK,true,KUNAK,Sabah,East Coast Sabah,KUNAK,Kinabatangan,0
CUST-KB-0156,"EMAS MART",KB0156,601677112255,"BATU 8, SANDAKAN",SANDAKAN,true,SANDAKAN,Sabah,East Coast Sabah,SANDAKAN,Kinabatangan,0
CUST-KB-0157,"FAJAR STORE",KB0157,601455223311,"KG SIMPANG ENTILIBON, TONGOD",TONGOD,true,TONGOD,Sabah,East Coast Sabah,TONGOD,Kinabatangan,0
CUST-KB-0158,"GURUH MART",KB0158,601288331144,"KG BUKIT GARAM, KINABATANGAN",KINABATANGAN,true,KINABATANGAN,Sabah,East Coast Sabah,KINABATANGAN,Kinabatangan,0
CUST-KB-0159,"HASRAT STORE",KB0159,601355441133,"PEKAN BELURAN, BELURAN",BELURAN,true,BELURAN,Sabah,East Coast Sabah,BELURAN,Kinabatangan,0
CUST-KB-0160,"ILHAM MART",KB0160,,"BATU 1, JALAN SEGAMA, LAHAD DATU","LAHAD DATU",true,"LAHAD DATU",Sabah,East Coast Sabah,"LAHAD DATU",Kinabatangan,0
CUST-KB-0161,"JASA STORE",KB0161,601677334411,"BATU 32, SANDAKAN",SANDAKAN,true,SANDAKAN,Sabah,East Coast Sabah,SANDAKAN,Kinabatangan,0
CUST-KB-0162,"KEKAL MART",KB0162,601455441122,"PEKAN TONGOD, TONGOD",TONGOD,true,TONGOD,Sabah,East Coast Sabah,TONGOD,Kinabatangan,0
CUST-KB-0163,"LESTARI STORE",KB0163,601288112244,"PEKAN KOTA KINABATANGAN","KOTA KINABATANGAN",true,"KOTA KINABATANGAN",Sabah,East Coast Sabah,"KOTA KINABATANGAN",Kinabatangan,0
CUST-KB-0164,"MADU MART",KB0164,601355221155,"BATU 7, SANDAKAN",SANDAKAN,true,SANDAKAN,Sabah,East Coast Sabah,SANDAKAN,Kinabatangan,0
CUST-KB-0165,"NUSA STORE",KB0165,,"KG NANGOH, BELURAN",BELURAN,true,BELURAN,Sabah,East Coast Sabah,BELURAN,Kinabatangan,0
CUST-KB-0166,"OBOR MART",KB0166,601677224411,"KG PARIS 2, KINABATANGAN",KINABATANGAN,true,KINABATANGAN,Sabah,East Coast Sabah,KINABATANGAN,Kinabatangan,0
CUST-KB-0167,"PUJA STORE",KB0167,601455113322,"PEKAN KUNAK, KUNAK",KUNAK,true,KUNAK,Sabah,East Coast Sabah,KUNAK,Kinabatangan,0
CUST-KB-0168,"QALBI MART",KB0168,601288331155,"BANDAR LAHAD DATU","LAHAD DATU",true,"LAHAD DATU",Sabah,East Coast Sabah,"LAHAD DATU",Kinabatangan,0
CUST-KB-0169,"RESTU STORE",KB0169,601355442233,"BATU 12, SANDAKAN",SANDAKAN,true,SANDAKAN,Sabah,East Coast Sabah,SANDAKAN,Kinabatangan,0
CUST-KB-0170,"SINAR MART",KB0170,,"KG BUKIT GARAM, KINABATANGAN",KINABATANGAN,true,KINABATANGAN,Sabah,East Coast Sabah,KINABATANGAN,Kinabatangan,0
CUST-KB-0171,"TULUS STORE",KB0171,601677112233,"PEKAN BELURAN, BELURAN",BELURAN,true,BELURAN,Sabah,East Coast Sabah,BELURAN,Kinabatangan,0
CUST-KB-0172,"UTAMA MART",KB0172,601455331144,"BATU 8, SANDAKAN",SANDAKAN,true,SANDAKAN,Sabah,East Coast Sabah,SANDAKAN,Kinabatangan,0
CUST-KB-0173,"WAJA STORE",KB0173,601288441122,"PEKAN TONGOD, TONGOD",TONGOD,true,TONGOD,Sabah,East Coast Sabah,TONGOD,Kinabatangan,0
CUST-KB-0174,"X-TRA MART",KB0174,601355112255,"PEKAN KOTA KINABATANGAN","KOTA KINABATANGAN",true,"KOTA KINABATANGAN",Sabah,East Coast Sabah,"KOTA KINABATANGAN",Kinabatangan,0
CUST-KB-0175,"YAKIN STORE",KB0175,,"BATU 1, JALAN SEGAMA, LAHAD DATU","LAHAD DATU",true,"LAHAD DATU",Sabah,East Coast Sabah,"LAHAD DATU",Kinabatangan,0
CUST-KB-0176,"ZAFIR MART",KB0176,601677223311,"PEKAN KUNAK, KUNAK",KUNAK,true,KUNAK,Sabah,East Coast Sabah,KUNAK,Kinabatangan,0
CUST-KB-0177,"AMAL STORE",KB0177,601455661122,"BATU 32, SANDAKAN",SANDAKAN,true,SANDAKAN,Sabah,East Coast Sabah,SANDAKAN,Kinabatangan,0
CUST-KB-0178,"ELOK STORE",KB0181,601677331122,"BATU 7, SANDAKAN",SANDAKAN,true,SANDAKAN,Sabah,East Coast Sabah,SANDAKAN,Kinabatangan,0
CUST-KB-0179,"FOKUS MART",KB0182,601455112233,"BANDAR LAHAD DATU","LAHAD DATU",true,"LAHAD DATU",Sabah,East Coast Sabah,"LAHAD DATU",Kinabatangan,0
CUST-KB-0180,"GIGIH STORE",KB0183,601288223311,"PEKAN KOTA KINABATANGAN","KOTA KINABATANGAN",true,"KOTA KINABATANGAN",Sabah,East Coast Sabah,"KOTA KINABATANGAN",Kinabatangan,0
CUST-KB-0181,"HALUS MART",KB0184,601355331166,"BATU 12, SANDAKAN",SANDAKAN,true,SANDAKAN,Sabah,East Coast Sabah,SANDAKAN,Kinabatangan,0
CUST-KB-0182,"IKAL STORE",KB0185,,"PEKAN KUNAK, KUNAK",KUNAK,true,KUNAK,Sabah,East Coast Sabah,KUNAK,Kinabatangan,0
CUST-KB-0183,"JUJUR MART",KB0186,601677441122,"KG BUKIT GARAM, KINABATANGAN",KINABATANGAN,true,KINABATANGAN,Sabah,East Coast Sabah,KINABATANGAN,Kinabatangan,0
CUST-KB-0184,"KUKUH STORE",KB0187,601455221133,"PEKAN BELURAN, BELURAN",BELURAN,true,BELURAN,Sabah,East Coast Sabah,BELURAN,Kinabatangan,0
CUST-KB-0185,"LANCAR MART",KB0188,601288331111,"BATU 8, SANDAKAN",SANDAKAN,true,SANDAKAN,Sabah,East Coast Sabah,SANDAKAN,Kinabatangan,0
CUST-KB-0186,"MURNI STORE",KB0189,601355112266,"PEKAN TONGOD, TONGOD",TONGOD,true,TONGOD,Sabah,East Coast Sabah,TONGOD,Kinabatangan,0
CUST-KB-0187,"NYALA MART",KB0190,,"BATU 1, JALAN SEGAMA, LAHAD DATU","LAHAD DATU",true,"LAHAD DATU",Sabah,East Coast Sabah,"LAHAD DATU",Kinabatangan,0
CUST-KB-0188,"PADU STORE",KB0191,601677113311,"BATU 32, SANDAKAN",SANDAKAN,true,SANDAKAN,Sabah,East Coast Sabah,SANDAKAN,Kinabatangan,0
CUST-KB-0189,"REZEKI MART",KB0192,601455331122,"KG NANGOH, BELURAN",BELURAN,true,BELURAN,Sabah,East Coast Sabah,BELURAN,Kinabatangan,0
CUST-KB-0190,"SEGAR STORE",KB0193,601288441133,"PEKAN KOTA KINABATANGAN","KOTA KINABATANGAN",true,"KOTA KINABATANGAN",Sabah,East Coast Sabah,"KOTA KINABATANGAN",Kinabatangan,0
CUST-KB-0191,"TEKAD MART",KB0194,601355221166,"KG BUKIT GARAM, KINABATANGAN",KINABATANGAN,true,KINABATANGAN,Sabah,East Coast Sabah,KINABATANGAN,Kinabatangan,0
CUST-KB-0192,"UNGGUL STORE",KB0195,,"BANDAR LAHAD DATU","LAHAD DATU",true,"LAHAD DATU",Sabah,East Coast Sabah,"LAHAD DATU",Kinabatangan,0
CUST-KB-0193,"VOKAL MART",KB0196,601677221133,"PEKAN KUNAK, KUNAK",KUNAK,true,KUNAK,Sabah,East Coast Sabah,KUNAK,Kinabatangan,0