Daerah Rasmi (Sabah),Zon (Rujukan Gambar),Nama Kedai,Alamat Tepat,No Telefon
KOTA KINABALU,KOTA KINABALU,NEVER CLOSE SUPERSTORE SINSURAN,"Lot 2, Block B, Sinsuran Complex, 88000 Kota Kinabalu",088-212 900
KOTA KINABALU,KOTA KINABALU,IMBASJAYA SEMBULAN,"Lot 11, GF, Bangunan Sembulan, 88100 Kota Kinabalu",016-810 5757
KOTA KINABALU,KOTA KINABALU,24 SEVEN SUPERSTORE KG AIR,"No 2, GF, Block A, Kampung Air, 88000 Kota Kinabalu",088-254 724
KOTA KINABALU,KEPAYAN,KEDAI RUNCIT BIBI AISYAH 1,"Sri Kepayan Commercial Centre, 88200 Kota Kinabalu",016-819 5440
KOTA KINABALU,KEPAYAN,KEDAI RUNCIT BIBI AISYAH 2,"Sri Kepayan Commercial Centre, 88200 Kota Kinabalu",
KOTA KINABALU,KEPAYAN,NORDIN ENT KEPAYAN,,
KOTA KINABALU,KEPAYAN,NORAIN ENT,,
KOTA KINABALU,INANAM,MARSHAL TRADING INANAM,"Lot 16, GF, Inanam Commercial Centre, 88450 Kota Kinabalu",088-421 211
KOTA KINABALU,INANAM,KEDAI RUNCIT KAMPUNG INANAM,,
KOTA KINABALU,INANAM,FOOD TOWN FRESHMART,"Lot 12, Ground Floor, Inanam Plaza, 88450 Kota Kinabalu",088-433 922
KOTA KINABALU,TELIPOK,RAMAI JAYA FASHION S/B,"Pekan Telipok, 88450 Kota Kinabalu",088-491 501
KOTA KINABALU,TELIPOK,DMC GROCERY,,
KOTA KINABALU,TELIPOK,RESTORAN SHAHIR,,
KOTA KINABALU,TELIPOK,RESTORNA IKKA,,
KOTA KINABALU,TELIPOK,JUMAIRAH FRESHMARY,,
KOTA KINABALU,TELIPOK,AISYAH MINI MART UUC,"University Utama Condominium, Telipok",011-1250 4404
KOTA KINABALU,TELIPOK,ZARA ENT UUC,,
KOTA KINABALU,SEPANGGAR,BASIT ENT TAMAN SEPANGGAR,"Taman Sepanggar, 88450 Kota Kinabalu",014-955 4501
KOTA KINABALU,SEPANGGAR,MARHABA ENT KKIP,"KKIP South, Sepanggar, 88450 Kota Kinabalu",016-833 2241
KOTA KINABALU,SEPANGGAR,AZIZ ENT KKIP,,
KOTA KINABALU,SEPANGGAR,MELAWAR TRADING,,
KOTA KINABALU,SEPANGGAR,IMAD TRADING,,
PENAMPANG,KEPAYAN,RAZI BUNDUSAN,"Lot 12, GF, Bundusan Square, Penampang",014-672 5441
PENAMPANG,KEPAYAN,SUMAYYAH BUNDUSAN,"Pavilion Bundusan, Jalan Bundusan, Penampang",011-1414 4353
PENAMPANG,INANAM,CKS FRESHMART COUNTRY HEIGHT,"Country Heights Plaza, Jln Minintod, Penampang",088-723 331
PENAMPANG,INANAM,CUNY FRESHMART COUNTRY HEIGHT,,
PENAMPANG,INANAM,M3 MART MOYOG,,
PENAMPANG,INANAM,SERENA TRADING PENAMPANG,,
PENAMPANG,INANAM,ARSYAD ENT MOYOG,,
PENAMPANG,INANAM,D'AMANDA MOYOG,,
PENAMPANG,INANAM,KEDAI RUNCIT 2'GET SUGUD,,
PENAMPANG,INANAM,KJM MINI MARKET MOYOG,,
PENAMPANG,INANAM,CS SUPERMARKET MOYOG,"Jln Penampang-Tambunan, Moyog, Penampang",088-712 112
PENAMPANG,INANAM,EZZYMART PENAMPANG,"Bundusan Commercial Centre, Penampang",010-585 0707
PENAMPANG,INANAM,IFFY ENT PENAMPANG,,
PUTATAN,PUTATAN,SWAT ENT,,
PUTATAN,PUTATAN,SHABNOOR HOMEMART,"Lot 22, GF, Putatan Point, 88200 Putatan",088-773 234
PUTATAN,PUTATAN,THOYIBAN,"Lot 21, GF, Putatan Square, 88200 Putatan",088-731 645
PUTATAN,PUTATAN,VILLAGE MART,"Bandar Putatan, 88200 Putatan",
PUTATAN,PUTATAN,SAMIULLAH ENT S/B KETIAU,,
PUTATAN,PUTATAN,COOPMART PUTATAN,"Koperasi Kakitangan Kerajaan Sabah, Pekan Putatan",
PUTATAN,PUTATAN,AISYAH MINI MART PUTATAN,,
PUTATAN,PUTATAN,WALEED MINI MARKET 2,"Pekan Putatan, 88200 Putatan",010-931 3341
PUTATAN,PUTATAN,BIF PUTATAN,"Blok B, Lot 5, GF, Putatan Station, 88200 Putatan",016-830 5001
PAPAR,KINARUT,RESTU FRESHMART,"Lok Kawi Point, Kinarut, 88200 Papar",010-930 2241
PAPAR,KINARUT,KEDAI RUNCIT J.M MOOK,,
PAPAR,KINARUT,KEDAI RUNCIT KOSUBONG JALAN MANGGIS,,
PAPAR,KINARUT,KEDAI RUNCIT AVE JALAN MANGGIS,,
PAPAR,KINARUT,KEDAI RUNCIT AG JALAN MANGGIS,,
PAPAR,KINARUT,KAPAKUAN ENT,,
PAPAR,KINARUT,FATMA MINI MARKET,,
PAPAR,KINARUT,JOY FRESHMART SABINDO,"Pekan Sabindo, Kinarut, 88200 Papar",011-3162 4434
PAPAR,KINARUT,ALEYSHA SABINDO,,
PAPAR,KINARUT,LIMAUAN STORE,,
PAPAR,KINARUT,77 SEGAR &HOMEMART LIMAUAN,"Kg. Limauan, Kinarut, 88200 Papar",014-350 7711
PAPAR,KINARUT,JIWA MART GLOXINA,"Taman Gloxina, Kinarut, 88200 Papar",016-848 1414
PAPAR,KINARUT,HUL ENT,,
PAPAR,KINARUT,FATIMAH MINI MARKET KINARUT,,
PAPAR,KINARUT,22 L HAIBULLAH PALM SQUARE,"Palm Square Commercial Centre, Kinarut",088-752 501
PAPAR,KINARUT,KEDAI RUNCIT HABIB LIMAUAN,,
PAPAR,KINARUT,KEDAI RUNCIT BUANG SAYANG,,
PAPAR,KINARUT,NURHIDAYAH LIMAUAN,,
PAPAR,KINARUT,HASHIM MINI MARKET JALAN MANGGIS,,
PAPAR,KINARUT,ALIBABA MINI MARKET JALAN MANGGIS,,
TUARAN,TUARAN,RIZQUANA MINI MART,"Pekan Tuaran (Depan Masjid), 89150 Tuaran",013-871 1614
TUARAN,TUARAN,PEMBEKAL RUNCIT BISMILLAH,"Jalan Teck Guan, Pekan Tuaran, 89150 Tuaran",
TUARAN,TUARAN,LAIAL ENT,,
TUARAN,TUARAN,MARYAM ENT,,
TUARAN,TUARAN,ORHAN & LEE MINI MARKET,,
TUARAN,TUARAN,JAYA SUPERSTORE,"Lot 1-4, GF, Tuaran Sentral, 89150 Tuaran",088-787 501
TUARAN,TUARAN,HARTAWAN MUDA ENT,,
TUARAN,TUARAN,FRESHMART DMKT,"Kedai Desa MKTM, Pekan Tuaran",
TUARAN,TUARAN,SINARJAYA GROCER,"Lot 3, GF, Berungis Commercial Centre, Tuaran",088-788 920
TUARAN,TUARAN,JALAL ENT GAYANG,"Kampung Gayang, Jln Sulaman, 89150 Tuaran",016-813 6304
TUARAN,TAMPARULI,AV ENT TAMPARULI,"Pekan Tamparuli, 89250 Tamparuli",019-862 3968
TUARAN,TAMPARULI,MUM'S ENT TAMPARULI,"Lot kedai berhampiran Shell Tamparuli, 89250 Tamparuli",
TUARAN,TAMPARULI,WELLMIN KIULU BORONG TAMPARULI,"Pekan Kiulu, 89250 Tamparuli",013-870 5410
TUARAN,TAMPARULI,KOPERASI PUKAK KIULU TAMPARULI,"Kg. Pukak, Kiulu, 89250 Tamparuli",088-739 501
TUARAN,TAMPARULI,ORHAN MINI MARKET TAMPARULI,,
TUARAN,TAMPARULI,JAS MINI MARKET F/M,,
TUARAN,TAMPARULI,KR WAWASAN KIULU,,
TUARAN,TAMPARULI,COOPMART KIULU,"Bangunan Koperasi Pekan Kiulu, 89250 Tamparuli",088-739 503
